<?xml version="1.0" encoding="UTF-8"?>
<!DOCTYPE generatorConfiguration PUBLIC "-//mybatis.org//DTD MyBatis Generator Configuration 1.0//EN" "http://mybatis.org/dtd/mybatis-generator-config_1_0.dtd">
<generatorConfiguration>
<!-- 数据库驱动 -->
<classPathEntry location="C:/Users/lenovo/.m2/repository/mysql/mysql-connector-java/5.1.30/mysql-connector-java-5.1.30.jar"/>
  <context id="SSM" targetRuntime="MyBatis3">
   <commentGenerator>
   	<property name="suppressDate" value="true"/>
   	<!-- 是否去除自动的注释 true：是 false：否 -->
   	<property name="suppressAllComments" value="true"/>
   </commentGenerator>
   
   <!-- 数据库链接URL，用户名、密码 -->
   <jdbcConnection driverClass="com.mysql.jdbc.Driver" connectionURL="jdbc:mysql://localhost:3306/ssm" userId="root" password="12345678">
   </jdbcConnection>
   
   <javaTypeResolver>
   	<property name="forceBigDecimals" value="false"/>
   </javaTypeResolver>
   
   <!-- 生成模型的包名和位置 -->
   <javaModelGenerator targetPackage="com.cs.ssm.model" targetProject="SSM/src/main/java">
   	<property name="enableSubPackages" value="true"/>
   	<property name="trimStrings" value="true"/>
   </javaModelGenerator>
   
   <!-- 生成映射文件的包名和位置 -->
   <sqlMapGenerator targetPackage="com.cs.ssm.mapping" targetProject="SSM/src/main/java">
   	<property name="enableSubPackages" value="true"/>
   </sqlMapGenerator>
   
   <!-- 生成DAO的包名和位置 -->
   <javaClientGenerator type="XMLMAPPER" targetPackage="com.cs.ssm.dao" targetProject="SSM/src/main/java">
   	<property name="enableSubPackages" value="true"/>
   </javaClientGenerator>
   
   <!-- 要生成的表tableName是数据库中的表名 domainObjectName是实体类名 -->
   <!-- <table tableName="user_t" domainObjectName="User" enableCountByExample="false" enableUpdateByExample="false" enableDeleteByExample="false" enableSelectByExample="false" selectByExampleQueryId="false">
   </table> -->
   <table tableName="Class" domainObjectName="Classroom" enableCountByExample="false" enableUpdateByExample="false" enableDeleteByExample="false" enableSelectByExample="false" selectByExampleQueryId="false">
   </table>
   
   <table tableName="Student" domainObjectName="Student" enableCountByExample="false" enableUpdateByExample="false" enableDeleteByExample="false" enableSelectByExample="false" selectByExampleQueryId="false">
   </table>
   
  </context>
</generatorConfiguration>