<?xml version="1.0" encoding="UTF-8"?>
<beans xmlns="http://www.springframework.org/schema/beans"  
    xmlns:xsi="http://www.w3.org/2001/XMLSchema-instance" xmlns:p="http://www.springframework.org/schema/p"  
    xmlns:context="http://www.springframework.org/schema/context"  
    xmlns:mvc="http://www.springframework.org/schema/mvc"  
    xsi:schemaLocation="http://www.springframework.org/schema/beans    
                        http://www.springframework.org/schema/beans/spring-beans-3.1.xsd    
                        http://www.springframework.org/schema/context    
                        http://www.springframework.org/schema/context/spring-context-3.1.xsd    
                        http://www.springframework.org/schema/mvc    
                        http://www.springframework.org/schema/mvc/spring-mvc-4.0.xsd">

	<!-- 自动扫描该包，使SpringMVC认为包下用了@controller注解的类使控制器 -->
	<context:component-scan base-package="com.cs.ssm.controller"/>
	<!-- 扩充了注解驱动，可以将请求参数绑定到控制器参数 -->
	<mvc:annotation-driven/>
	<!-- 静态资源处理 -->
	<mvc:resources location="/resources/**" mapping="/resources"/>
	
	<!-- 避免IE执行AJAX时，返回JSON出现下载文件 -->
	<bean id="mappingJacksonHttpMessageConverter" class="org.springframework.http.converter.json.MappingJacksonHttpMessageConverter">  
        <property name="supportedMediaTypes">  
            <list>  
                <value>text/html;charset=UTF-8</value>  
            </list>  
        </property>  
    </bean>  
	
	<!-- 启动SpringMVC的注解功能，完成请求和注解POJO的映射 -->
	<bean class="org.springframework.web.servlet.mvc.annotation.AnnotationMethodHandlerAdapter">
		<property name="messageConverters">
			<list>
				<ref bean="mappingJacksonHttpMessageConverter"/>
			</list>
		</property>
	</bean>
	
	<!-- 配置文件上传 -->
	<bean id="multipartResolver" class="org.springframework.web.multipart.commons.CommonsMultipartResolver">
		<!-- 默认编码 -->
		<property name="defaultEncoding" value="utf-8"/>
		<!-- 文件大小最大值 -->
		<property name="maxUploadSize" value="10485760000"/>
		<!-- 内存中最大值 -->
		<property name="maxInMemorySize" value="40960"/>
		<!-- 启动是为推迟文件解析，以便捕获文件大小异常 -->
		<property name="resolveLazily" value="true"/>
	</bean>
	
	<bean class="org.springframework.web.servlet.view.ContentNegotiatingViewResolver">
		<property name="order" value="1"></property>
		<property name="mediaTypes">
			<map>
				<entry key="json" value="application/json"/>
				<entry key="xml" value="application/xml"/>
				<entry key="htm" value="text/htm"/>
			</map>
		</property>
		<property name="defaultViews">
			<list>
				<bean class="org.springframework.web.servlet.view.json.MappingJacksonJsonView"/>
			</list>
		</property>
		<property name="ignoreAcceptHeader" value="true"></property>
	</bean>
	
	<!-- 定义跳转的文件的前后缀，视图模式配置 -->
	<bean class="org.springframework.web.servlet.view.InternalResourceViewResolver">
		<property name="prefix" value="/WEB-INF/jsp/"/>
		<property name="suffix" value=".jsp"/>
	</bean>
</beans>